{"mae_mean": 0.03931143114343285, "mae_std": 0.006282508774574894, "mse_mean": 0.0037059926604311464, "mse_std": 0.0004892276119172074, "rmse_mean": 0.060740028093483264, "rmse_std": 0.004079417560634151, "r2_mean": 0.8082074890239841, "r2_std": 0.02531850457509676}