{"mae_mean": 0.04282426293939352, "mae_std": 0.0017397077997757786, "mse_mean": 0.0034656433566528527, "mse_std": 0.00020631679327048894, "rmse_mean": 0.05884445667273262, "rmse_std": 0.0017243188637098463, "r2_mean": 0.8206460448190767, "r2_std": 0.010677305505851489}