{"mae_mean": 0.04932859849184752, "mae_std": 0.0065673087993682565, "mse_mean": 0.00454080027536165, "mse_std": 0.0008817789367354328, "rmse_mean": 0.06705505820080389, "rmse_std": 0.006664791448234006, "r2_mean": 0.7650045301085735, "r2_std": 0.04563381849293117}