{"fuelDensity_mean": [0.9268377337903713, 0.0028179901588358636], "fuelDensity_std": [0.00036513404324661216, 0.00039200594962604556], "fuelTemp_mean": [97.39109115474506, 2.6423664895632797], "fuelTemp_std": [0.2964027873691896, 0.3583244421482777], "fuelVolumeFlowRate_mean": [0.5801880644325792, 0.12116543380920504], "fuelVolumeFlowRate_std": [0.031016457346471318, 0.031722694226558205], "inclinometer-raw_mean": [357.26023265840007, 0.13299700384479338], "inclinometer-raw_std": [0.08349782532591439, 0.2758613092708248], "latitude_mean": [61.76116541027371, 0.16176240090388352], "latitude_std": [0.003681377002221599, 0.0015380762347751331], "level1median_mean": [16.729173504680777, 0.2890568819645285], "level1median_std": [0.4947958927981219, 0.3413890022616347], "level2median_mean": [14.706113820919718, 0.2946244006792598], "level2median_std": [0.4113665186470313, 0.30019683202903874], "longitude_mean": [-10.696352088674493, 0.07769118743112445], "longitude_std": [0.0031356570475942454, 0.0023798524158930834], "longitudinalWaterSpeed_mean": [17.10006245905896, 5.877661589073322], "longitudinalWaterSpeed_std": [0.5076675916211997, 0.8752642585520843], "portPitch_mean": [7.3716316937873785, 2.503188158692873], "portPitch_std": [0.32918246212256713, 0.783232640379116], "portRudder_mean": [-0.4594592685597187, 1.7533479864704025], "portRudder_std": [0.5691683000541135, 1.000232162223127], "speedKmh_mean": [32.37591502311272, 10.416137998007919], "speedKmh_std": [0.9875136405026674, 1.521026750412845], "speedKnots_mean": [17.481243117692035, 5.623911399959206], "speedKnots_std": [0.5324449496170711, 0.8214721439216441], "starboardPitch_mean": [7.1901464518559814, 2.795675726585802], "starboardPitch_std": [0.30709150840955135, 0.7066215101058876], "starboardRudder_mean": [0.2857706157747044, 1.7565948412913042], "starboardRudder_std": [0.5680263346242024, 1.0333852158297956], "trackDegreeMagnetic_mean": [174.8321589427594, 108.33254722612618], "trackDegreeMagnetic_std": [12.327506140531483, 31.77971334066907], "trackDegreeTrue_mean": [174.47949274121825, 108.38811948844227], "trackDegreeTrue_std": [12.878080568143423, 32.57222172481176], "trueHeading_mean": [172.7264469430104, 112.74170701683445], "trueHeading_std": [12.187202833483513, 32.18888059183202], "windAngle_mean": [165.9007655382682, 130.9624142620763], "windAngle_std": [34.30617534490146, 50.72342424681636], "windSpeed_mean": [13.712632028265356, 7.148305990360634], "windSpeed_std": [1.303276100473655, 0.8823768785349759], "COR_MONTH": [0.7444470559958274, 0.12237126977190982], "UNIQ_MONTH": [0.7851038709252575, 0.12192444547007181], "COR_HOUR": [0.7335303080510092, 0.3092873055601421], "UNIQ_HOUR": [0.06311125773590494, 0.705186454362352]}